Comment,Description,Designator,Footprint,LibRef,Quantity

"1nF","Ceramic Capacitor, Multilayer, Ceramic, 50V, 5% +Tol, 5% -Tol, C0G, -/+30ppm/Cel TC, 0.001uF, Surface Mount, 0402","C1","C0402C104J4RACTU","C0402C102J5GECTU","1"
"100uF","Ceramic Capacitor, Multilayer, Ceramic, 6.3V, 20% +Tol, 20% -Tol, X5R, 15% TC, 100uF, Surface Mount, 1206","C2","GRM31x","GRM31CR60J107MEA8K","1"
"1uF","Ceramic Capacitor, Multilayer, Ceramic, 25V, 10% +Tol, 10% -Tol, X5R, 15% TC, 1uF, Surface Mount, 0603","C3, C14","CAPC1608X90N","CC0603KRX5R8BB105","2"
"1uF","Ceramic Capacitor, Multilayer, Ceramic, 6.3V, 20% +Tol, 20% -Tol, X5R, 15% TC, 1uF, Surface Mount, 0201","C4, C7, C8, C9, C10","GRM033D70J224ME01D","GRM033R60J105MEA2D","5"
"100pF","Ceramic Capacitor, Multilayer, Ceramic, 50V, 5% +Tol, 5% -Tol, C0G, 30ppm/Cel TC, 0.0001uF, Surface Mount, 0201","C5","CAPC0603X33N","GRM0335C1H101JA01D","1"
"22uF","Ceramic Capacitor, Multilayer, Ceramic, 35V, 20% +Tol, 20% -Tol, X5R, 15% TC, 22uF, Surface Mount, 0805","C6","CAPC2012X145N","C2012X5R1V226M125AC","1"
"2pF","Ceramic Capacitor, Multilayer, Ceramic, 25V, 5% +Tol, 5% -Tol, C0G, 30ppm/Cel TC, 0.000002uF, Surface Mount, 0201","C11, C13","GJM033","GJM0335C1E2R0BB01D","2"
"100nF","Ceramic Capacitor, Multilayer, Ceramic, 6.3V, 10% +Tol, 10% -Tol, X6S, 22% TC, 0.1uF, Surface Mount, 0201","C12, C15, C16, C17, C18, C19","GRM033D70J224ME01D","GRM033C80J104KE15D","6"
"1A 40V","Rectifier Diode, Schottky, 1 Phase, 1 Element, 1A, 40V V(RRM), Silicon, DO-214AC","D1","DIOM5026X262N","SS14","1"
"IR2110STRPBF","Half Bridge Based MOSFET Driver, 2.5A, CMOS, PDSO16","IC1, IC2, IC3","SOIC127P1032X265-16N","IR2110STRPBF","3"
"1935174","Barrier Strip Terminal Block, 17.5A, 1.5mm2, 1 Row(s), 1 Deck(s)","J1, J5","1935174","1935174","2"
"61300411121","","J2, J3, J4","HDRV4W95P0X254_1X4_1016X254X854P","61300411121","3"
"22uH","General Purpose Inductor, 22uH, 20%, 1 Element, Ferrite-Core, SMD, 2826","L1","INDPM7166X300N","ECS-MPIL0630-220MC","1"
"XPN6R706NC,L1XHQ","Mosfet N-ch 60V 40A 8TSON","Q1, Q3, Q4, Q5, Q6, Q7","XPN6R706NCL1XHQ","XPN6R706NC,L1XHQ","6"
"FDC5614P","Small Signal Field-Effect Transistor, 3A I(D), 60V, 1-Element, P-Channel, Silicon, Metal-oxide Semiconductor FET","Q2","SOT95P280X110-6N","FDC5614P","1"
"240k","Fixed Resistor, Metal Glaze/thick Film, 0.1W, 240000ohm, 75V, 5% +/-Tol, 200ppm/Cel, Surface Mount, 0603","R1","ERJ3EKF1000V","ERJ-3GEYJ244V","1"
"33k","Fixed Resistor, Thin Film, 0.1W, 33000ohm, 75V, 0.1% +/-Tol, 25ppm/Cel, Surface Mount, 0603","R2","ERA3AEB101V","ERA-3AEB333V","1"
"20k","Fixed Resistor, Metal Glaze/thick Film, 0.1W, 20000ohm, 50V, 1% +/-Tol, 100ppm/Cel, Surface Mount, 0402","R3","ERJ2RKD1004X","ERJ-2RKF2002X","1"
"10k","Fixed Resistor, Thin Film, 0.5W, 10000ohm, 200V, 1% +/-Tol, 100ppm/Cel, Surface Mount, 1206","R4","RESC3115X60N","RNCP1206FTD10K0","1"
"500","Fixed Resistor, Thin Film, 0.063W, 499ohm, 50V, 0.1% +/-Tol, 25ppm/Cel, Surface Mount, 0402","R5","ERA2AED122X","ERA-2AEB4990X","1"
"LM3485MMX/NOPB","Switching Controller, Voltage-mode, 0.1A, 1000kHz Switching Freq-Max, PDSO8","U1","SOP65P490X110-8N","LM3485MMX/NOPB","1"
"STMF103C8T6_LQFP48","ARM Cortex-M3 STM32 F1 Microcontroller 32-Bit 72MHz 64kB FLASH LQFP48 STM32F103C8T6","U2","STM32F103C8T6_LQFP48","STM32F103C8T6","1"
"8Mhz","Parallel - Fundamental Quartz Crystal, 8MHz Min, 150MHz Max, 8MHz Nom","X1","8Mhz Crystal","H130A-8.000-8-2030-TR","1"
